name,fir_size,buffer_size,result,max_error_e6,count,min_cycles,max_cycles,avg_cycles,min_nsec,max_nsec,avg_nsec,mac,mac_per_cycle,mac_per_nanosec
100 NOP,0,0,OK,0.000000e-6,1000,81,3248,104,54,2165,69,0,0.000000,0.000000
1000 NOP,0,0,OK,0.000000e-6,1000,998,9609,1008,665,6406,672,0,0.000000,0.000000
FIR.basic,256,32,OK,1.907349e-6,256,24855,56883,25028,16570,37922,16685,8192,0.327313,0.490980
FIR.basic_restrict,256,32,OK,1.907349e-6,256,24858,49359,24986,16572,32906,16657,8192,0.327864,0.491805
FIR.circular,256,32,OK,0.953674e-6,256,65496,78275,65615,43664,52183,43743,8192,0.124849,0.187276
FIR.circular_restrict,256,32,OK,0.953674e-6,256,65498,79803,65663,43665,53202,43775,8192,0.124758,0.187139