name,fir_size,buffer_size,result,max_error_e6,count,min_cycles,max_cycles,avg_cycles,min_nsec,max_nsec,avg_nsec,mac,mac_per_cycle,mac_per_nanosec
100 NOP,0,0,OK,0.000000e-6,1000,81,887,101,54,591,67,0,0.000000,0.000000
1000 NOP,0,0,OK,0.000000e-6,1000,996,44385,1049,664,29590,699,0,0.000000,0.000000
FIR.basic,256,32,OK,1.430511e-6,256,19551,21386,19578,13034,14257,13052,8192,0.418429,0.627643
FIR.basic_restrict,256,32,OK,1.430511e-6,256,19580,20414,19608,13053,13609,13072,8192,0.417789,0.626683
FIR.circular,256,32,OK,0.953674e-6,256,65498,84497,65723,43665,56331,43815,8192,0.124644,0.186968
FIR.circular_restrict,256,32,OK,0.953674e-6,256,65498,84443,65688,43665,56295,43792,8192,0.124711,0.187066
FIR.cmsis,256,32,OK,0.953674e-6,256,7220,8025,7241,4813,5350,4827,8192,1.131335,1.697120
FIR.basic_known_size,256,32,OK,1.907349e-6,256,6482,6900,6494,4321,4600,4329,8192,1.261472,1.892354
FIR.circular_known_size,256,32,OK,0.953674e-6,256,25386,39749,25478,16924,26499,16985,8192,0.321532,0.482308
