name,fir_size,buffer_size,result,max_error_e6,count,min_cycles,max_cycles,avg_cycles,min_nsec,max_nsec,avg_nsec,mac,mac_per_cycle,mac_per_nanosec
100 NOP,0,0,OK,0.000000e-6,1000,80,3803,102,53,2535,68,0,0.000000,0.000000
1000 NOP,0,0,OK,0.000000e-6,1000,996,10413,1008,664,6942,672,0,0.000000,0.000000
FIR.basic,256,32,OK,1.907349e-6,256,24912,55662,25149,16608,37108,16766,8192,0.325739,0.488608
FIR.basic_restrict,256,32,OK,1.907349e-6,256,24912,47385,25035,16608,31590,16690,8192,0.327222,0.490833
FIR.circular,256,32,OK,0.953674e-6,256,65496,80691,65675,43664,53794,43783,8192,0.124735,0.187105
FIR.circular_restrict,256,32,OK,0.953674e-6,256,65498,79694,65624,43665,53129,43749,8192,0.124832,0.187250
FIR.basic_known_size,256,32,OK,1.907349e-6,256,6468,6858,6498,4312,4572,4332,8192,1.260696,1.891043
FIR.circular_known_size,256,32,OK,0.953674e-6,256,25358,39360,25476,16905,26240,16984,8192,0.321558,0.482336
